,Supplier_Lead_Time,Inventory_Levels,Order_Frequency,Delivery_Performance,Cost_Per_Unit
Supplier_Lead_Time,1.0,0.2145609386470477,-0.8627209351052445,-0.8962498263798544,0.9602347895055042
Inventory_Levels,0.2145609386470477,1.0,-0.17127181078693892,-0.2182823611394595,0.2462358824317926
Order_Frequency,-0.8627209351052445,-0.17127181078693892,1.0,0.7685324316027376,-0.8291195679905295
Delivery_Performance,-0.8962498263798544,-0.2182823611394595,0.7685324316027376,1.0,-0.8890802758155986
Cost_Per_Unit,0.9602347895055042,0.2462358824317926,-0.8291195679905295,-0.8890802758155986,1.0
